<?xml version="1.0" encoding="UTF-8"?>
<project name="module_kursach" default="compile.module.kursach">
  <dirname property="module.kursach.basedir" file="${ant.file.module_kursach}"/>
  
  <property name="module.jdk.home.kursach" value="${project.jdk.home}"/>
  <property name="module.jdk.bin.kursach" value="${project.jdk.bin}"/>
  <property name="module.jdk.classpath.kursach" value="${project.jdk.classpath}"/>
  
  <property name="compiler.args.kursach" value="-encoding UTF-8 -source 8 ${compiler.args}"/>
  
  <property name="kursach.output.dir" value="${module.kursach.basedir}/out/production/Kursach"/>
  <property name="kursach.testoutput.dir" value="${module.kursach.basedir}/out/test/Kursach"/>
  
  <path id="kursach.module.bootclasspath">
    <!-- Paths to be included in compilation bootclasspath -->
  </path>
  
  <path id="kursach.module.production.classpath">
    <path refid="${module.jdk.classpath.kursach}"/>
  </path>
  
  <path id="kursach.runtime.production.module.classpath">
    <pathelement location="${kursach.output.dir}"/>
  </path>
  
  <path id="kursach.module.classpath">
    <path refid="${module.jdk.classpath.kursach}"/>
    <pathelement location="${kursach.output.dir}"/>
  </path>
  
  <path id="kursach.runtime.module.classpath">
    <pathelement location="${kursach.testoutput.dir}"/>
    <pathelement location="${kursach.output.dir}"/>
  </path>
  
  
  <patternset id="excluded.from.module.kursach">
    <patternset refid="ignored.files"/>
  </patternset>
  
  <patternset id="excluded.from.compilation.kursach">
    <patternset refid="excluded.from.module.kursach"/>
  </patternset>
  
  <path id="kursach.module.sourcepath">
    <dirset dir="${module.kursach.basedir}">
      <include name="src"/>
    </dirset>
  </path>
  
  
  <target name="compile.module.kursach" depends="compile.module.kursach.production,compile.module.kursach.tests" description="Compile module Kursach"/>
  
  <target name="compile.module.kursach.production" depends="register.custom.compilers" description="Compile module Kursach; production classes">
    <mkdir dir="${kursach.output.dir}"/>
    <javac2 destdir="${kursach.output.dir}" debug="${compiler.debug}" nowarn="${compiler.generate.no.warnings}" memorymaximumsize="${compiler.max.memory}" fork="true" executable="${module.jdk.bin.kursach}/javac">
      <compilerarg line="${compiler.args.kursach}"/>
      <bootclasspath refid="kursach.module.bootclasspath"/>
      <classpath refid="kursach.module.production.classpath"/>
      <src refid="kursach.module.sourcepath"/>
      <patternset refid="excluded.from.compilation.kursach"/>
    </javac2>
    
    <copy todir="${kursach.output.dir}">
      <fileset dir="${module.kursach.basedir}/src">
        <patternset refid="compiler.resources"/>
        <type type="file"/>
      </fileset>
    </copy>
  </target>
  
  <target name="compile.module.kursach.tests" depends="register.custom.compilers,compile.module.kursach.production" description="compile module Kursach; test classes" unless="skip.tests"/>
  
  <target name="clean.module.kursach" description="cleanup module">
    <delete dir="${kursach.output.dir}"/>
    <delete dir="${kursach.testoutput.dir}"/>
  </target>
</project>